{"cameraMode":{"drawMode":0,"name":"Shaded","section":"Shading Mode"},"sceneLighting":true,"audioPlay":false,"sceneViewState":{"showFog":true,"showMaterialUpdate":false,"showSkybox":true,"showFlares":true,"showImageEffects":true,"showParticleSystems":true},"in2DMode":false,"pivot":{"x":-21.57807731628418,"y":-2.8451385498046877,"z":7.698944091796875},"rotation":{"x":0.3395828902721405,"y":0.04089544340968132,"z":-0.014776790514588356,"w":0.9395827651023865},"size":59.54195785522461,"orthographic":false}