{"cameraMode":{"drawMode":0,"name":"Shaded","section":"Shading Mode"},"sceneLighting":true,"audioPlay":false,"sceneViewState":{"showFog":true,"showMaterialUpdate":false,"showSkybox":true,"showFlares":true,"showImageEffects":true,"showParticleSystems":true},"in2DMode":false,"pivot":{"x":6.9985809326171879,"y":-16.96562957763672,"z":27.467432022094728},"rotation":{"x":-0.2321447730064392,"y":0.6606056690216065,"z":-0.22650285065174104,"w":-0.6770620942115784},"size":33.057273864746097,"orthographic":false}