{"cameraMode":{"drawMode":0,"name":"Shaded","section":"Shading Mode"},"sceneLighting":true,"audioPlay":false,"sceneViewState":{"showFog":true,"showMaterialUpdate":false,"showSkybox":true,"showFlares":true,"showImageEffects":true,"showParticleSystems":true},"in2DMode":false,"pivot":{"x":38.45930862426758,"y":-20.596786499023439,"z":-41.32020950317383},"rotation":{"x":0.5666247010231018,"y":-0.31786584854125979,"z":0.25100386142730715,"w":0.7175647616386414},"size":54.03361892700195,"orthographic":false}