{"cameraMode":{"drawMode":0,"name":"Shaded","section":"Shading Mode"},"sceneLighting":false,"audioPlay":false,"sceneViewState":{"showFog":true,"showMaterialUpdate":false,"showSkybox":false,"showFlares":true,"showImageEffects":true,"showParticleSystems":true},"in2DMode":false,"pivot":{"x":-5.170000076293945,"y":0.699999988079071,"z":-5.394193649291992},"rotation":{"x":-0.14717037975788117,"y":0.8257238864898682,"z":-0.2516404390335083,"w":-0.48291847109794619},"size":5.274807453155518,"orthographic":false}